kr	es	svg
나	yo (informal, entre amigos)	C:/Users/Chingu/Desktop/ACADEMIASEULWEB/Curriculo/Flashcards/Basico1_completo/A_Sticker_pop/ilustraciones/eb8298.svg
너	tú (informal, entre amigos)	C:/Users/Chingu/Desktop/ACADEMIASEULWEB/Curriculo/Flashcards/Basico1_completo/A_Sticker_pop/ilustraciones/eb8488.svg
아이	niño, niña	C:/Users/Chingu/Desktop/ACADEMIASEULWEB/Curriculo/Flashcards/Basico1_completo/A_Sticker_pop/ilustraciones/ec9584ec9db4.svg
우유	leche	C:/Users/Chingu/Desktop/ACADEMIASEULWEB/Curriculo/Flashcards/Basico1_completo/A_Sticker_pop/ilustraciones/ec9ab0ec9ca0.svg
오이	pepino	C:/Users/Chingu/Desktop/ACADEMIASEULWEB/Curriculo/Flashcards/Basico1_completo/A_Sticker_pop/ilustraciones/ec98a4ec9db4.svg
나무	árbol	C:/Users/Chingu/Desktop/ACADEMIASEULWEB/Curriculo/Flashcards/Basico1_completo/A_Sticker_pop/ilustraciones/eb8298ebacb4.svg
바다	mar	C:/Users/Chingu/Desktop/ACADEMIASEULWEB/Curriculo/Flashcards/Basico1_completo/A_Sticker_pop/ilustraciones/ebb094eb8ba4.svg
모자	sombrero, gorro	C:/Users/Chingu/Desktop/ACADEMIASEULWEB/Curriculo/Flashcards/Basico1_completo/A_Sticker_pop/ilustraciones/ebaaa8ec9e90.svg
머리	cabeza; pelo	C:/Users/Chingu/Desktop/ACADEMIASEULWEB/Curriculo/Flashcards/Basico1_completo/A_Sticker_pop/ilustraciones/eba8b8eba6ac.svg
구두	zapatos (de vestir)	C:/Users/Chingu/Desktop/ACADEMIASEULWEB/Curriculo/Flashcards/Basico1_completo/A_Sticker_pop/ilustraciones/eab5aceb9190.svg
어머니	madre	C:/Users/Chingu/Desktop/ACADEMIASEULWEB/Curriculo/Flashcards/Basico1_completo/A_Sticker_pop/ilustraciones/ec96b4eba8b8eb8b88.svg
아버지	padre	C:/Users/Chingu/Desktop/ACADEMIASEULWEB/Curriculo/Flashcards/Basico1_completo/A_Sticker_pop/ilustraciones/ec9584ebb284eca780.svg
고기	carne	C:/Users/Chingu/Desktop/ACADEMIASEULWEB/Curriculo/Flashcards/Basico1_completo/A_Sticker_pop/ilustraciones/eab3a0eab8b0.svg
화이팅	¡ánimo!, ¡tú puedes!	C:/Users/Chingu/Desktop/ACADEMIASEULWEB/Curriculo/Flashcards/Basico1_completo/A_Sticker_pop/ilustraciones/ed9994ec9db4ed8c85.svg
한글	alfabeto coreano	C:/Users/Chingu/Desktop/ACADEMIASEULWEB/Curriculo/Flashcards/Basico1_completo/A_Sticker_pop/ilustraciones/ed959ceab880.svg
안녕하세요	hola (cortés)	C:/Users/Chingu/Desktop/ACADEMIASEULWEB/Curriculo/Flashcards/Basico1_completo/A_Sticker_pop/ilustraciones/ec9588eb8595ed9598ec84b8ec9a94.svg
안녕히 가세요	adiós (a quien se va)	C:/Users/Chingu/Desktop/ACADEMIASEULWEB/Curriculo/Flashcards/Basico1_completo/A_Sticker_pop/ilustraciones/ec9588eb8595ed9e8820eab080ec84b8ec9a94.svg
안녕히 계세요	adiós (a quien se queda)	C:/Users/Chingu/Desktop/ACADEMIASEULWEB/Curriculo/Flashcards/Basico1_completo/A_Sticker_pop/ilustraciones/ec9588eb8595ed9e8820eab384ec84b8ec9a94.svg
감사합니다	gracias	C:/Users/Chingu/Desktop/ACADEMIASEULWEB/Curriculo/Flashcards/Basico1_completo/A_Sticker_pop/ilustraciones/eab090ec82aced95a9eb8b88eb8ba4.svg
저	yo (forma humilde)	C:/Users/Chingu/Desktop/ACADEMIASEULWEB/Curriculo/Flashcards/Basico1_completo/A_Sticker_pop/ilustraciones/eca080.svg
사람	persona	C:/Users/Chingu/Desktop/ACADEMIASEULWEB/Curriculo/Flashcards/Basico1_completo/A_Sticker_pop/ilustraciones/ec82aceb9e8c.svg
한국	Corea	C:/Users/Chingu/Desktop/ACADEMIASEULWEB/Curriculo/Flashcards/Basico1_completo/A_Sticker_pop/ilustraciones/ed959ceab5ad.svg
칠레	Chile	C:/Users/Chingu/Desktop/ACADEMIASEULWEB/Curriculo/Flashcards/Basico1_completo/A_Sticker_pop/ilustraciones/ecb9a0eba088.svg
멕시코	México	C:/Users/Chingu/Desktop/ACADEMIASEULWEB/Curriculo/Flashcards/Basico1_completo/A_Sticker_pop/ilustraciones/eba995ec8b9cecbd94.svg
콜롬비아	Colombia	C:/Users/Chingu/Desktop/ACADEMIASEULWEB/Curriculo/Flashcards/Basico1_completo/A_Sticker_pop/ilustraciones/ecbd9ceba1acebb984ec9584.svg
학생	estudiante	C:/Users/Chingu/Desktop/ACADEMIASEULWEB/Curriculo/Flashcards/Basico1_completo/A_Sticker_pop/ilustraciones/ed9599ec839d.svg
선생님	profesor, profesora	C:/Users/Chingu/Desktop/ACADEMIASEULWEB/Curriculo/Flashcards/Basico1_completo/A_Sticker_pop/ilustraciones/ec84a0ec839deb8b98.svg
이름	nombre	C:/Users/Chingu/Desktop/ACADEMIASEULWEB/Curriculo/Flashcards/Basico1_completo/A_Sticker_pop/ilustraciones/ec9db4eba684.svg
나라	país	C:/Users/Chingu/Desktop/ACADEMIASEULWEB/Curriculo/Flashcards/Basico1_completo/A_Sticker_pop/ilustraciones/eb8298eb9dbc.svg
반갑습니다	encantado, encantada	C:/Users/Chingu/Desktop/ACADEMIASEULWEB/Curriculo/Flashcards/Basico1_completo/A_Sticker_pop/ilustraciones/ebb098eab091ec8ab5eb8b88eb8ba4.svg
안녕	hola / chao (entre amigos de la misma edad)	C:/Users/Chingu/Desktop/ACADEMIASEULWEB/Curriculo/Flashcards/Basico1_completo/A_Sticker_pop/ilustraciones/ec9588eb8595.svg
아르헨티나	Argentina	C:/Users/Chingu/Desktop/ACADEMIASEULWEB/Curriculo/Flashcards/Basico1_completo/A_Sticker_pop/ilustraciones/ec9584eba5b4ed97a8ed8bb0eb8298.svg
페루	Perú	C:/Users/Chingu/Desktop/ACADEMIASEULWEB/Curriculo/Flashcards/Basico1_completo/A_Sticker_pop/ilustraciones/ed8e98eba3a8.svg
스페인	España	C:/Users/Chingu/Desktop/ACADEMIASEULWEB/Curriculo/Flashcards/Basico1_completo/A_Sticker_pop/ilustraciones/ec8aa4ed8e98ec9db8.svg
미국	Estados Unidos	C:/Users/Chingu/Desktop/ACADEMIASEULWEB/Curriculo/Flashcards/Basico1_completo/A_Sticker_pop/ilustraciones/ebafb8eab5ad.svg
회사원	empleado, empleada (de oficina)	C:/Users/Chingu/Desktop/ACADEMIASEULWEB/Curriculo/Flashcards/Basico1_completo/A_Sticker_pop/ilustraciones/ed9a8cec82acec9b90.svg
의사	médico, médica	C:/Users/Chingu/Desktop/ACADEMIASEULWEB/Curriculo/Flashcards/Basico1_completo/A_Sticker_pop/ilustraciones/ec9d98ec82ac.svg
김치	kimchi	C:/Users/Chingu/Desktop/ACADEMIASEULWEB/Curriculo/Flashcards/Basico1_completo/A_Sticker_pop/ilustraciones/eab980ecb998.svg
밥	arroz cocido; comida	C:/Users/Chingu/Desktop/ACADEMIASEULWEB/Curriculo/Flashcards/Basico1_completo/A_Sticker_pop/ilustraciones/ebb0a5.svg
목례	saludo con una leve inclinación de cabeza	C:/Users/Chingu/Desktop/ACADEMIASEULWEB/Curriculo/Flashcards/Basico1_completo/A_Sticker_pop/ilustraciones/ebaaa9eba180.svg
빵	pan	C:/Users/Chingu/Desktop/ACADEMIASEULWEB/Curriculo/Flashcards/Basico1_completo/A_Sticker_pop/ilustraciones/ebb9b5.svg
물	agua	C:/Users/Chingu/Desktop/ACADEMIASEULWEB/Curriculo/Flashcards/Basico1_completo/A_Sticker_pop/ilustraciones/ebacbc.svg
책	libro	C:/Users/Chingu/Desktop/ACADEMIASEULWEB/Curriculo/Flashcards/Basico1_completo/A_Sticker_pop/ilustraciones/ecb185.svg
연필	lápiz	C:/Users/Chingu/Desktop/ACADEMIASEULWEB/Curriculo/Flashcards/Basico1_completo/A_Sticker_pop/ilustraciones/ec97b0ed9584.svg
가방	bolso, mochila	C:/Users/Chingu/Desktop/ACADEMIASEULWEB/Curriculo/Flashcards/Basico1_completo/A_Sticker_pop/ilustraciones/eab080ebb0a9.svg
시계	reloj	C:/Users/Chingu/Desktop/ACADEMIASEULWEB/Curriculo/Flashcards/Basico1_completo/A_Sticker_pop/ilustraciones/ec8b9ceab384.svg
휴대폰	celular	C:/Users/Chingu/Desktop/ACADEMIASEULWEB/Curriculo/Flashcards/Basico1_completo/A_Sticker_pop/ilustraciones/ed9cb4eb8c80ed8fb0.svg
의자	silla	C:/Users/Chingu/Desktop/ACADEMIASEULWEB/Curriculo/Flashcards/Basico1_completo/A_Sticker_pop/ilustraciones/ec9d98ec9e90.svg
책상	escritorio	C:/Users/Chingu/Desktop/ACADEMIASEULWEB/Curriculo/Flashcards/Basico1_completo/A_Sticker_pop/ilustraciones/ecb185ec8381.svg
우산	paraguas	C:/Users/Chingu/Desktop/ACADEMIASEULWEB/Curriculo/Flashcards/Basico1_completo/A_Sticker_pop/ilustraciones/ec9ab0ec82b0.svg
커피	café (bebida)	C:/Users/Chingu/Desktop/ACADEMIASEULWEB/Curriculo/Flashcards/Basico1_completo/A_Sticker_pop/ilustraciones/ecbba4ed94bc.svg
뭐	qué	C:/Users/Chingu/Desktop/ACADEMIASEULWEB/Curriculo/Flashcards/Basico1_completo/A_Sticker_pop/ilustraciones/ebad90.svg
이거 · 그거 · 저거	esto · eso · aquello	C:/Users/Chingu/Desktop/ACADEMIASEULWEB/Curriculo/Flashcards/Basico1_completo/A_Sticker_pop/ilustraciones/ec9db4eab1b020c2b720eab7b8eab1b020c2b720eca080eab1b0.svg
이게 · 그게 · 저게	esto · eso · aquello (en 이게 뭐예요?)	C:/Users/Chingu/Desktop/ACADEMIASEULWEB/Curriculo/Flashcards/Basico1_completo/A_Sticker_pop/ilustraciones/ec9db4eab28c20c2b720eab7b8eab28c20c2b720eca080eab28c.svg
네	sí	C:/Users/Chingu/Desktop/ACADEMIASEULWEB/Curriculo/Flashcards/Basico1_completo/A_Sticker_pop/ilustraciones/eb84a4.svg
아니요	no	C:/Users/Chingu/Desktop/ACADEMIASEULWEB/Curriculo/Flashcards/Basico1_completo/A_Sticker_pop/ilustraciones/ec9584eb8b88ec9a94.svg
붕어빵	pan con forma de pez, relleno dulce	C:/Users/Chingu/Desktop/ACADEMIASEULWEB/Curriculo/Flashcards/Basico1_completo/A_Sticker_pop/ilustraciones/ebb695ec96b4ebb9b5.svg
공책	cuaderno	C:/Users/Chingu/Desktop/ACADEMIASEULWEB/Curriculo/Flashcards/Basico1_completo/A_Sticker_pop/ilustraciones/eab3b5ecb185.svg
컵	taza, vaso	C:/Users/Chingu/Desktop/ACADEMIASEULWEB/Curriculo/Flashcards/Basico1_completo/A_Sticker_pop/ilustraciones/ecbbb5.svg
안경	lentes, anteojos	C:/Users/Chingu/Desktop/ACADEMIASEULWEB/Curriculo/Flashcards/Basico1_completo/A_Sticker_pop/ilustraciones/ec9588eab2bd.svg
열쇠	llave	C:/Users/Chingu/Desktop/ACADEMIASEULWEB/Curriculo/Flashcards/Basico1_completo/A_Sticker_pop/ilustraciones/ec97b4ec87a0.svg
가족	familia	C:/Users/Chingu/Desktop/ACADEMIASEULWEB/Curriculo/Flashcards/Basico1_completo/A_Sticker_pop/ilustraciones/eab080eca1b1.svg
엄마	mamá	C:/Users/Chingu/Desktop/ACADEMIASEULWEB/Curriculo/Flashcards/Basico1_completo/A_Sticker_pop/ilustraciones/ec9784eba788.svg
아빠	papá	C:/Users/Chingu/Desktop/ACADEMIASEULWEB/Curriculo/Flashcards/Basico1_completo/A_Sticker_pop/ilustraciones/ec9584ebb9a0.svg
언니	hermana mayor (lo dice una mujer)	C:/Users/Chingu/Desktop/ACADEMIASEULWEB/Curriculo/Flashcards/Basico1_completo/A_Sticker_pop/ilustraciones/ec96b8eb8b88.svg
누나	hermana mayor (lo dice un hombre)	C:/Users/Chingu/Desktop/ACADEMIASEULWEB/Curriculo/Flashcards/Basico1_completo/A_Sticker_pop/ilustraciones/eb8884eb8298.svg
오빠	hermano mayor (lo dice una mujer)	C:/Users/Chingu/Desktop/ACADEMIASEULWEB/Curriculo/Flashcards/Basico1_completo/A_Sticker_pop/ilustraciones/ec98a4ebb9a0.svg
형	hermano mayor (lo dice un hombre)	C:/Users/Chingu/Desktop/ACADEMIASEULWEB/Curriculo/Flashcards/Basico1_completo/A_Sticker_pop/ilustraciones/ed9895.svg
동생	hermano o hermana menor	C:/Users/Chingu/Desktop/ACADEMIASEULWEB/Curriculo/Flashcards/Basico1_completo/A_Sticker_pop/ilustraciones/eb8f99ec839d.svg
할머니	abuela	C:/Users/Chingu/Desktop/ACADEMIASEULWEB/Curriculo/Flashcards/Basico1_completo/A_Sticker_pop/ilustraciones/ed95a0eba8b8eb8b88.svg
할아버지	abuelo	C:/Users/Chingu/Desktop/ACADEMIASEULWEB/Curriculo/Flashcards/Basico1_completo/A_Sticker_pop/ilustraciones/ed95a0ec9584ebb284eca780.svg
친구	amigo, amiga	C:/Users/Chingu/Desktop/ACADEMIASEULWEB/Curriculo/Flashcards/Basico1_completo/A_Sticker_pop/ilustraciones/ecb99ceab5ac.svg
누구	quién	C:/Users/Chingu/Desktop/ACADEMIASEULWEB/Curriculo/Flashcards/Basico1_completo/A_Sticker_pop/ilustraciones/eb8884eab5ac.svg
우리	nosotros; "mi" en 우리 엄마	C:/Users/Chingu/Desktop/ACADEMIASEULWEB/Curriculo/Flashcards/Basico1_completo/A_Sticker_pop/ilustraciones/ec9ab0eba6ac.svg
이 사람	esta persona (amigos, misma edad)	C:/Users/Chingu/Desktop/ACADEMIASEULWEB/Curriculo/Flashcards/Basico1_completo/A_Sticker_pop/ilustraciones/ec9db420ec82aceb9e8c.svg
이분	esta persona (con respeto: mayores)	C:/Users/Chingu/Desktop/ACADEMIASEULWEB/Curriculo/Flashcards/Basico1_completo/A_Sticker_pop/ilustraciones/ec9db4ebb684.svg
명	contador de personas (한 명, 두 명…)	C:/Users/Chingu/Desktop/ACADEMIASEULWEB/Curriculo/Flashcards/Basico1_completo/A_Sticker_pop/ilustraciones/ebaa85.svg
전화번호	número de teléfono	C:/Users/Chingu/Desktop/ACADEMIASEULWEB/Curriculo/Flashcards/Basico1_completo/A_Sticker_pop/ilustraciones/eca084ed9994ebb288ed98b8.svg
공	cero (en teléfonos)	C:/Users/Chingu/Desktop/ACADEMIASEULWEB/Curriculo/Flashcards/Basico1_completo/A_Sticker_pop/ilustraciones/eab3b5.svg
남동생	hermano menor	C:/Users/Chingu/Desktop/ACADEMIASEULWEB/Curriculo/Flashcards/Basico1_completo/A_Sticker_pop/ilustraciones/eb82a8eb8f99ec839d.svg
여동생	hermana menor	C:/Users/Chingu/Desktop/ACADEMIASEULWEB/Curriculo/Flashcards/Basico1_completo/A_Sticker_pop/ilustraciones/ec97aceb8f99ec839d.svg
강아지	perro, perrito	C:/Users/Chingu/Desktop/ACADEMIASEULWEB/Curriculo/Flashcards/Basico1_completo/A_Sticker_pop/ilustraciones/eab095ec9584eca780.svg
고양이	gato	C:/Users/Chingu/Desktop/ACADEMIASEULWEB/Curriculo/Flashcards/Basico1_completo/A_Sticker_pop/ilustraciones/eab3a0ec9691ec9db4.svg
집	casa	C:/Users/Chingu/Desktop/ACADEMIASEULWEB/Curriculo/Flashcards/Basico1_completo/A_Sticker_pop/ilustraciones/eca791.svg
학교	colegio, escuela	C:/Users/Chingu/Desktop/ACADEMIASEULWEB/Curriculo/Flashcards/Basico1_completo/A_Sticker_pop/ilustraciones/ed9599eab590.svg
회사	empresa, oficina	C:/Users/Chingu/Desktop/ACADEMIASEULWEB/Curriculo/Flashcards/Basico1_completo/A_Sticker_pop/ilustraciones/ed9a8cec82ac.svg
병원	hospital	C:/Users/Chingu/Desktop/ACADEMIASEULWEB/Curriculo/Flashcards/Basico1_completo/A_Sticker_pop/ilustraciones/ebb391ec9b90.svg
카페	cafetería	C:/Users/Chingu/Desktop/ACADEMIASEULWEB/Curriculo/Flashcards/Basico1_completo/A_Sticker_pop/ilustraciones/ecb9b4ed8e98.svg
식당	restaurante	C:/Users/Chingu/Desktop/ACADEMIASEULWEB/Curriculo/Flashcards/Basico1_completo/A_Sticker_pop/ilustraciones/ec8b9deb8bb9.svg
화장실	baño	C:/Users/Chingu/Desktop/ACADEMIASEULWEB/Curriculo/Flashcards/Basico1_completo/A_Sticker_pop/ilustraciones/ed9994ec9ea5ec8ba4.svg
은행	banco	C:/Users/Chingu/Desktop/ACADEMIASEULWEB/Curriculo/Flashcards/Basico1_completo/A_Sticker_pop/ilustraciones/ec9d80ed9689.svg
공원	parque	C:/Users/Chingu/Desktop/ACADEMIASEULWEB/Curriculo/Flashcards/Basico1_completo/A_Sticker_pop/ilustraciones/eab3b5ec9b90.svg
여기	aquí	C:/Users/Chingu/Desktop/ACADEMIASEULWEB/Curriculo/Flashcards/Basico1_completo/A_Sticker_pop/ilustraciones/ec97aceab8b0.svg
저기	allá	C:/Users/Chingu/Desktop/ACADEMIASEULWEB/Curriculo/Flashcards/Basico1_completo/A_Sticker_pop/ilustraciones/eca080eab8b0.svg
어디	dónde	C:/Users/Chingu/Desktop/ACADEMIASEULWEB/Curriculo/Flashcards/Basico1_completo/A_Sticker_pop/ilustraciones/ec96b4eb9494.svg
위	arriba, encima	C:/Users/Chingu/Desktop/ACADEMIASEULWEB/Curriculo/Flashcards/Basico1_completo/A_Sticker_pop/ilustraciones/ec9c84.svg
아래	abajo, debajo	C:/Users/Chingu/Desktop/ACADEMIASEULWEB/Curriculo/Flashcards/Basico1_completo/A_Sticker_pop/ilustraciones/ec9584eb9e98.svg
앞	delante	C:/Users/Chingu/Desktop/ACADEMIASEULWEB/Curriculo/Flashcards/Basico1_completo/A_Sticker_pop/ilustraciones/ec959e.svg
뒤	detrás	C:/Users/Chingu/Desktop/ACADEMIASEULWEB/Curriculo/Flashcards/Basico1_completo/A_Sticker_pop/ilustraciones/eb92a4.svg
옆	al lado	C:/Users/Chingu/Desktop/ACADEMIASEULWEB/Curriculo/Flashcards/Basico1_completo/A_Sticker_pop/ilustraciones/ec9886.svg
안	dentro	C:/Users/Chingu/Desktop/ACADEMIASEULWEB/Curriculo/Flashcards/Basico1_completo/A_Sticker_pop/ilustraciones/ec9588.svg
거기	ahí	C:/Users/Chingu/Desktop/ACADEMIASEULWEB/Curriculo/Flashcards/Basico1_completo/A_Sticker_pop/ilustraciones/eab1b0eab8b0.svg
지하철역	estación de metro	C:/Users/Chingu/Desktop/ACADEMIASEULWEB/Curriculo/Flashcards/Basico1_completo/A_Sticker_pop/ilustraciones/eca780ed9598ecb2a0ec97ad.svg
동네	barrio	C:/Users/Chingu/Desktop/ACADEMIASEULWEB/Curriculo/Flashcards/Basico1_completo/A_Sticker_pop/ilustraciones/eb8f99eb84a4.svg
출구	salida (del metro)	C:/Users/Chingu/Desktop/ACADEMIASEULWEB/Curriculo/Flashcards/Basico1_completo/A_Sticker_pop/ilustraciones/ecb69ceab5ac.svg
컴퓨터	computador	C:/Users/Chingu/Desktop/ACADEMIASEULWEB/Curriculo/Flashcards/Basico1_completo/A_Sticker_pop/ilustraciones/ecbbb4ed93a8ed84b0.svg
저기요	¡disculpe! (para llamar a alguien)	C:/Users/Chingu/Desktop/ACADEMIASEULWEB/Curriculo/Flashcards/Basico1_completo/A_Sticker_pop/ilustraciones/eca080eab8b0ec9a94.svg
가다	ir (가요)	C:/Users/Chingu/Desktop/ACADEMIASEULWEB/Curriculo/Flashcards/Basico1_completo/A_Sticker_pop/ilustraciones/eab080eb8ba4.svg
오다	venir (와요)	C:/Users/Chingu/Desktop/ACADEMIASEULWEB/Curriculo/Flashcards/Basico1_completo/A_Sticker_pop/ilustraciones/ec98a4eb8ba4.svg
먹다	comer (먹어요)	C:/Users/Chingu/Desktop/ACADEMIASEULWEB/Curriculo/Flashcards/Basico1_completo/A_Sticker_pop/ilustraciones/eba8b9eb8ba4.svg
마시다	beber, tomar (마셔요)	C:/Users/Chingu/Desktop/ACADEMIASEULWEB/Curriculo/Flashcards/Basico1_completo/A_Sticker_pop/ilustraciones/eba788ec8b9ceb8ba4.svg
보다	ver, mirar (봐요)	C:/Users/Chingu/Desktop/ACADEMIASEULWEB/Curriculo/Flashcards/Basico1_completo/A_Sticker_pop/ilustraciones/ebb3b4eb8ba4.svg
자다	dormir (자요)	C:/Users/Chingu/Desktop/ACADEMIASEULWEB/Curriculo/Flashcards/Basico1_completo/A_Sticker_pop/ilustraciones/ec9e90eb8ba4.svg
공부하다	estudiar (공부해요)	C:/Users/Chingu/Desktop/ACADEMIASEULWEB/Curriculo/Flashcards/Basico1_completo/A_Sticker_pop/ilustraciones/eab3b5ebb680ed9598eb8ba4.svg
일하다	trabajar (일해요)	C:/Users/Chingu/Desktop/ACADEMIASEULWEB/Curriculo/Flashcards/Basico1_completo/A_Sticker_pop/ilustraciones/ec9dbced9598eb8ba4.svg
운동하다	hacer ejercicio (운동해요)	C:/Users/Chingu/Desktop/ACADEMIASEULWEB/Curriculo/Flashcards/Basico1_completo/A_Sticker_pop/ilustraciones/ec9ab4eb8f99ed9598eb8ba4.svg
오늘	hoy	C:/Users/Chingu/Desktop/ACADEMIASEULWEB/Curriculo/Flashcards/Basico1_completo/A_Sticker_pop/ilustraciones/ec98a4eb8a98.svg
매일	todos los días	C:/Users/Chingu/Desktop/ACADEMIASEULWEB/Curriculo/Flashcards/Basico1_completo/A_Sticker_pop/ilustraciones/eba7a4ec9dbc.svg
지금	ahora	C:/Users/Chingu/Desktop/ACADEMIASEULWEB/Curriculo/Flashcards/Basico1_completo/A_Sticker_pop/ilustraciones/eca780eab888.svg
하다	hacer (해요)	C:/Users/Chingu/Desktop/ACADEMIASEULWEB/Curriculo/Flashcards/Basico1_completo/A_Sticker_pop/ilustraciones/ed9598eb8ba4.svg
한국어	idioma coreano	C:/Users/Chingu/Desktop/ACADEMIASEULWEB/Curriculo/Flashcards/Basico1_completo/A_Sticker_pop/ilustraciones/ed959ceab5adec96b4.svg
쉬다	descansar (쉬어요)	C:/Users/Chingu/Desktop/ACADEMIASEULWEB/Curriculo/Flashcards/Basico1_completo/A_Sticker_pop/ilustraciones/ec89aceb8ba4.svg
요리하다	cocinar (요리해요)	C:/Users/Chingu/Desktop/ACADEMIASEULWEB/Curriculo/Flashcards/Basico1_completo/A_Sticker_pop/ilustraciones/ec9a94eba6aced9598eb8ba4.svg
일어나다	levantarse, despertarse (일어나요)	C:/Users/Chingu/Desktop/ACADEMIASEULWEB/Curriculo/Flashcards/Basico1_completo/A_Sticker_pop/ilustraciones/ec9dbcec96b4eb8298eb8ba4.svg
학원	academia privada (después del colegio)	C:/Users/Chingu/Desktop/ACADEMIASEULWEB/Curriculo/Flashcards/Basico1_completo/A_Sticker_pop/ilustraciones/ed9599ec9b90.svg
그리고	y (entre dos frases)	C:/Users/Chingu/Desktop/ACADEMIASEULWEB/Curriculo/Flashcards/Basico1_completo/A_Sticker_pop/ilustraciones/eab7b8eba6aceab3a0.svg
방	pieza, habitación	C:/Users/Chingu/Desktop/ACADEMIASEULWEB/Curriculo/Flashcards/Basico1_completo/A_Sticker_pop/ilustraciones/ebb0a9.svg
침대	cama	C:/Users/Chingu/Desktop/ACADEMIASEULWEB/Curriculo/Flashcards/Basico1_completo/A_Sticker_pop/ilustraciones/ecb9a8eb8c80.svg
창문	ventana	C:/Users/Chingu/Desktop/ACADEMIASEULWEB/Curriculo/Flashcards/Basico1_completo/A_Sticker_pop/ilustraciones/ecb0bdebacb8.svg
텔레비전	televisor	C:/Users/Chingu/Desktop/ACADEMIASEULWEB/Curriculo/Flashcards/Basico1_completo/A_Sticker_pop/ilustraciones/ed8594eba088ebb984eca084.svg
그림	dibujo, pintura	C:/Users/Chingu/Desktop/ACADEMIASEULWEB/Curriculo/Flashcards/Basico1_completo/A_Sticker_pop/ilustraciones/eab7b8eba6bc.svg
그리다	dibujar (그려요)	C:/Users/Chingu/Desktop/ACADEMIASEULWEB/Curriculo/Flashcards/Basico1_completo/A_Sticker_pop/ilustraciones/eab7b8eba6aceb8ba4.svg
읽다	leer (읽어요)	C:/Users/Chingu/Desktop/ACADEMIASEULWEB/Curriculo/Flashcards/Basico1_completo/A_Sticker_pop/ilustraciones/ec9dbdeb8ba4.svg
쓰다	escribir (써요)	C:/Users/Chingu/Desktop/ACADEMIASEULWEB/Curriculo/Flashcards/Basico1_completo/A_Sticker_pop/ilustraciones/ec93b0eb8ba4.svg
듣다	escuchar (들어요)	C:/Users/Chingu/Desktop/ACADEMIASEULWEB/Curriculo/Flashcards/Basico1_completo/A_Sticker_pop/ilustraciones/eb93a3eb8ba4.svg
배우다	aprender (배워요)	C:/Users/Chingu/Desktop/ACADEMIASEULWEB/Curriculo/Flashcards/Basico1_completo/A_Sticker_pop/ilustraciones/ebb0b0ec9ab0eb8ba4.svg
음악	música	C:/Users/Chingu/Desktop/ACADEMIASEULWEB/Curriculo/Flashcards/Basico1_completo/A_Sticker_pop/ilustraciones/ec9d8cec9585.svg
옷장	clóset, ropero	C:/Users/Chingu/Desktop/ACADEMIASEULWEB/Curriculo/Flashcards/Basico1_completo/A_Sticker_pop/ilustraciones/ec98b7ec9ea5.svg
거울	espejo	C:/Users/Chingu/Desktop/ACADEMIASEULWEB/Curriculo/Flashcards/Basico1_completo/A_Sticker_pop/ilustraciones/eab1b0ec9ab8.svg
사진	foto	C:/Users/Chingu/Desktop/ACADEMIASEULWEB/Curriculo/Flashcards/Basico1_completo/A_Sticker_pop/ilustraciones/ec82aceca784.svg
문	puerta	C:/Users/Chingu/Desktop/ACADEMIASEULWEB/Curriculo/Flashcards/Basico1_completo/A_Sticker_pop/ilustraciones/ebacb8.svg
케이팝	K-pop	C:/Users/Chingu/Desktop/ACADEMIASEULWEB/Curriculo/Flashcards/Basico1_completo/A_Sticker_pop/ilustraciones/ecbc80ec9db4ed8c9d.svg
한국 음식	comida coreana	C:/Users/Chingu/Desktop/ACADEMIASEULWEB/Curriculo/Flashcards/Basico1_completo/A_Sticker_pop/ilustraciones/ed959ceab5ad20ec9d8cec8b9d.svg
온돌	calefacción bajo el piso	C:/Users/Chingu/Desktop/ACADEMIASEULWEB/Curriculo/Flashcards/Basico1_completo/A_Sticker_pop/ilustraciones/ec98a8eb8f8c.svg
요	colchón delgado que va en el suelo	C:/Users/Chingu/Desktop/ACADEMIASEULWEB/Curriculo/Flashcards/Basico1_completo/A_Sticker_pop/ilustraciones/ec9a94.svg
사과	manzana	C:/Users/Chingu/Desktop/ACADEMIASEULWEB/Curriculo/Flashcards/Basico1_completo/A_Sticker_pop/ilustraciones/ec82aceab3bc.svg
과일	fruta	C:/Users/Chingu/Desktop/ACADEMIASEULWEB/Curriculo/Flashcards/Basico1_completo/A_Sticker_pop/ilustraciones/eab3bcec9dbc.svg
바나나	banana, plátano	C:/Users/Chingu/Desktop/ACADEMIASEULWEB/Curriculo/Flashcards/Basico1_completo/A_Sticker_pop/ilustraciones/ebb094eb8298eb8298.svg
불고기	bulgogi (carne marinada)	C:/Users/Chingu/Desktop/ACADEMIASEULWEB/Curriculo/Flashcards/Basico1_completo/A_Sticker_pop/ilustraciones/ebb688eab3a0eab8b0.svg
라면	ramyeon (fideos instantáneos)	C:/Users/Chingu/Desktop/ACADEMIASEULWEB/Curriculo/Flashcards/Basico1_completo/A_Sticker_pop/ilustraciones/eb9dbceba9b4.svg
영화	película	C:/Users/Chingu/Desktop/ACADEMIASEULWEB/Curriculo/Flashcards/Basico1_completo/A_Sticker_pop/ilustraciones/ec9881ed9994.svg
노래	canción	C:/Users/Chingu/Desktop/ACADEMIASEULWEB/Curriculo/Flashcards/Basico1_completo/A_Sticker_pop/ilustraciones/eb85b8eb9e98.svg
드라마	serie, K-drama	C:/Users/Chingu/Desktop/ACADEMIASEULWEB/Curriculo/Flashcards/Basico1_completo/A_Sticker_pop/ilustraciones/eb939ceb9dbceba788.svg
운동	deporte, ejercicio	C:/Users/Chingu/Desktop/ACADEMIASEULWEB/Curriculo/Flashcards/Basico1_completo/A_Sticker_pop/ilustraciones/ec9ab4eb8f99.svg
좋아하다	gustar (좋아해요)	C:/Users/Chingu/Desktop/ACADEMIASEULWEB/Curriculo/Flashcards/Basico1_completo/A_Sticker_pop/ilustraciones/eca28bec9584ed9598eb8ba4.svg
싫어하다	no gustar, detestar (싫어해요; suena fuerte)	C:/Users/Chingu/Desktop/ACADEMIASEULWEB/Curriculo/Flashcards/Basico1_completo/A_Sticker_pop/ilustraciones/ec8babec96b4ed9598eb8ba4.svg
뭘	qué (objeto; = 뭐를)	C:/Users/Chingu/Desktop/ACADEMIASEULWEB/Curriculo/Flashcards/Basico1_completo/A_Sticker_pop/ilustraciones/ebad98.svg
정말	de verdad, muchísimo	C:/Users/Chingu/Desktop/ACADEMIASEULWEB/Curriculo/Flashcards/Basico1_completo/A_Sticker_pop/ilustraciones/eca095eba790.svg
조금	un poco	C:/Users/Chingu/Desktop/ACADEMIASEULWEB/Curriculo/Flashcards/Basico1_completo/A_Sticker_pop/ilustraciones/eca1b0eab888.svg
안 좋아해요	no me gusta (frase fija con 안)	C:/Users/Chingu/Desktop/ACADEMIASEULWEB/Curriculo/Flashcards/Basico1_completo/A_Sticker_pop/ilustraciones/ec958820eca28bec9584ed95b4ec9a94.svg
배	pera coreana	C:/Users/Chingu/Desktop/ACADEMIASEULWEB/Curriculo/Flashcards/Basico1_completo/A_Sticker_pop/ilustraciones/ebb0b0.svg
추석 · 설날	fiesta de la cosecha · Año Nuevo lunar	C:/Users/Chingu/Desktop/ACADEMIASEULWEB/Curriculo/Flashcards/Basico1_completo/A_Sticker_pop/ilustraciones/ecb694ec849d20c2b720ec84a4eb82a0.svg
네?	¿perdón? (para pedir que repitan)	C:/Users/Chingu/Desktop/ACADEMIASEULWEB/Curriculo/Flashcards/Basico1_completo/A_Sticker_pop/ilustraciones/eb84a43f.svg
